Workbook

Sheet 회의록_작성
B1: 서비스운영1팀 영업회의 — 통합 회의록
B2: 회의 전 사전작성 → 회의 중 이슈·의사결정 확인 → 회의 후 액션 추적
B3: 🟡 노란칸 = 담당자 입력 · 🔵 파란칸 = 자동 계산(수정 금지) · 하단 시트 탭: 매출현황 / 릴레잇현황 / KPI_통합 / 영업회의발표 / 액션아이템관리 / 작성기준
B5: 회의일자 | D5: 회차 | F5: 작성자 | H5: 다음회의
B6: 참석자
B8: ① 이번 주 핵심 요약 (회의 전 작성)
B12: ② 통합 자동 요약 (각 시트에서 자동 연결)
B13: 항목 | C13: 값(자동) | D13: 기준 / 비고
B14: 평균 PT 승률 (2분기) | C14: =IFERROR(매출현황!H9,"") | D14: 목표 70%
B15: 15일+ 미활동 (회의안건 대상) | C15: =IFERROR(릴레잇현황!F9,"") -> 0 | D15: 15일+ 자동 회의안건
B16: 미응답 건 합계 | C16: =IFERROR(릴레잇현황!D9,"") -> 0 | D16: 당일 확인 필요
B17: 매출 KPI 평균 달성률 | C17: =IFERROR(AVERAGE(KPI_통합!F6,KPI_통합!F8:F15),"") -> 0 | D17: A. 매출 KPI 평균
B18: 미완료 액션아이템 | C18: =COUNTIFS(액션아이템관리!G4:G23,"<>완료",액션아이템관리!D4:D23,"<>") -> 0 | D18: 지난 회의 이월 포함
B20: ③ 회의 중 의사결정 (회의 중 작성)
B21: 안건 | C21: 결정 사항 | H21: 담당 | I21: 기한
B28: ④ 차주 액션 요약 → 「액션아이템관리」 시트로 이관
B29: 회의에서 정한 액션은 액션아이템관리 시트에 담당자·기한·완료여부로 등록하세요. 다음 회의는 지난 액션 완료여부부터 확인합니다.

Sheet 매출현황
A1: 매출현황 — PT 실적 · 계약가능 · 리스크 · 차주 액션
A2: PT 승률·증감률은 자동 계산 / 목표 PT 승률 70%
A3: PT 실적 — 1분기 대비 2분기 (측정: 황윤선·이필선·한준엽·조민준)
A4: 담당자 | B4: 1Q PT건수 | C4: 2Q PT건수 | D4: 승 | E4: 패 | F4: 무 | G4: 지원 | H4: PT승률%(자동) | I4: 목표(70%)대비(자동) | J4: PT건수 증감률%(자동)
A5: 황윤선 | H5: =IF((D5+E5+F5+G5)=0,"",ROUND(D5/(D5+E5+F5+G5)*100,1)) | I5: =IF(H5="","",ROUND(H5-70,1)) | J5: =IF(OR(B5="",B5=0),"",ROUND(C5/B5*100,1))
A6: 이필선 | H6: =IF((D6+E6+F6+G6)=0,"",ROUND(D6/(D6+E6+F6+G6)*100,1)) | I6: =IF(H6="","",ROUND(H6-70,1)) | J6: =IF(OR(B6="",B6=0),"",ROUND(C6/B6*100,1))
A7: 한준엽 | H7: =IF((D7+E7+F7+G7)=0,"",ROUND(D7/(D7+E7+F7+G7)*100,1)) | I7: =IF(H7="","",ROUND(H7-70,1)) | J7: =IF(OR(B7="",B7=0),"",ROUND(C7/B7*100,1))
A8: 조민준 (경남지사) | H8: =IF((D8+E8+F8+G8)=0,"",ROUND(D8/(D8+E8+F8+G8)*100,1)) | I8: =IF(H8="","",ROUND(H8-70,1)) | J8: =IF(OR(B8="",B8=0),"",ROUND(C8/B8*100,1))
A9: 합계 / 평균 | B9: =SUM(B5:B8) -> 0 | C9: =SUM(C5:C8) -> 0 | D9: =SUM(D5:D8) -> 0 | E9: =SUM(E5:E8) -> 0 | F9: =SUM(F5:F8) -> 0 | G9: =SUM(G5:G8) -> 0 | H9: =IF((D9+E9+F9+G9)=0,"",ROUND(D9/(D9+E9+F9+G9)*100,1)) | I9: =IF(H9="","",ROUND(H9-70,1)) | J9: =IF(OR(B9="",B9=0),"",ROUND(C9/B9*100,1))
A10: PT 승률 = 승리 ÷ 전체 PT(승+패+무+지원) × 100 · 증감률 = 2분기 ÷ 1분기 × 100 · 목표 PT 승률 = 70%
A12: 주요 계약 가능 건 (입력)
A13: 현장명 | B13: 담당자 | C13: 예상 계약금액 | D13: 계약확률% | E13: 목표일 | F13: 비고 / 후속 액션
A20: 매출 리스크 건 (입력)
A21: 현장명 | B21: 담당자 | C21: 리스크 내용 | D21: 영향 금액 | E21: 대응 방안 | G21: 상태
A28: 차주 매출 액션 (입력)
A29: 액션 | C29: 기한 | D29: 기대 효과
A35: 확인 필요사항 (입력)

Sheet 릴레잇현황
A1: 릴레잇현황 — 누락 · 정체 · 미응답 관리
A2: 단순 기록이 아닌 영업흐름 관리 지표 / 관리상태 자동 분류
A3: 담당자별 릴레잇 현황 (입력 → 관리상태 자동)
A4: 담당자 | B4: 전체진행 | C4: 미배정 | D4: 미응답 | E4: 7일+미진행 | F4: 15일+미활동 | G4: 정체율%(자동) | H4: 관리상태(자동)
A5: 황윤선 | G5: =IF(OR(B5="",B5=0),"",ROUND((E5+F5)/B5*100,1)) | H5: =IF(F5>0,"⚠ 15일+ 회의안건",IF(E5>0,"7일+ 담당자확인요청",IF(D5>0,"미응답 당일확인","정상"))) -> 정상
A6: 이필선 | G6: =IF(OR(B6="",B6=0),"",ROUND((E6+F6)/B6*100,1)) | H6: =IF(F6>0,"⚠ 15일+ 회의안건",IF(E6>0,"7일+ 담당자확인요청",IF(D6>0,"미응답 당일확인","정상"))) -> 정상
A7: 한준엽 | G7: =IF(OR(B7="",B7=0),"",ROUND((E7+F7)/B7*100,1)) | H7: =IF(F7>0,"⚠ 15일+ 회의안건",IF(E7>0,"7일+ 담당자확인요청",IF(D7>0,"미응답 당일확인","정상"))) -> 정상
A8: 조민준 (경남지사) | G8: =IF(OR(B8="",B8=0),"",ROUND((E8+F8)/B8*100,1)) | H8: =IF(F8>0,"⚠ 15일+ 회의안건",IF(E8>0,"7일+ 담당자확인요청",IF(D8>0,"미응답 당일확인","정상"))) -> 정상
A9: 합계 | B9: =SUM(B5:B8) -> 0 | C9: =SUM(C5:C8) -> 0 | D9: =SUM(D5:D8) -> 0 | E9: =SUM(E5:E8) -> 0 | F9: =SUM(F5:F8) -> 0 | G9: =IF(OR(B9="",B9=0),"",ROUND((E9+F9)/B9*100,1)) | H9: =""
A10: 관리 기준 — 미응답: 당일 확인 · 7일+ 미진행: 담당자 확인 요청 · 15일+ 미활동: 회의 안건 자동 분류 · 계약 가능성 높은 건: 별도 표시
A12: 계약 가능성 높은 건 (입력 → 별도 표시)
A13: 현장명 | B13: 담당자 | C13: 단계 | D13: 계약가능성 | E13: 다음 액션 | H13: 기한
A20: 정체 사유 / 후속 액션 (입력)
A21: 현장명 | B21: 담당자 | C21: 정체 사유 | E21: 후속 액션 | G21: 기한
A28: 서비스운영1팀 지원 필요사항 (입력)

Sheet KPI_통합
A1: KPI_통합 — A. 매출 KPI / B. 내부 KPI
A2: 결과지표와 선행지표 분리 · 실적 = 분자 ÷ 분모 × 100 (분모 없으면 분자=건수)
A3: A. 매출을 위한 KPI (목표: PT 승률 70% 달성 · 매출 흐름 관리)
A4: KPI 지표 | B4: 구분 | C4: 목표 | D4: 분자(입력) | E4: 분모(입력) | F4: 실적(자동) | G4: 목표대비(자동) | H4: 비고(입력)
A5: [결과지표]
A6: PT 승률 | B6: 결과지표 | C6: 70 | F6: =IF(E6="",D6,IF(E6=0,"",ROUND(D6/E6*100,1))) -> 0 | G6: =IF(OR(F6="",NOT(ISNUMBER(C6))),"",ROUND(F6-C6,1)) -> -70
A7: [선행지표]
A8: PT 사전분석 완료율 | B8: 선행지표 | C8: 100 | F8: =IF(E8="",D8,IF(E8=0,"",ROUND(D8/E8*100,1))) -> 0 | G8: =IF(OR(F8="",NOT(ISNUMBER(C8))),"",ROUND(F8-C8,1)) -> -100
A9: PT 맞춤자료 반영률 | B9: 선행지표 | C9: 100 | F9: =IF(E9="",D9,IF(E9=0,"",ROUND(D9/E9*100,1))) -> 0 | G9: =IF(OR(F9="",NOT(ISNUMBER(C9))),"",ROUND(F9-C9,1)) -> -100
A10: PT 자료 기한 내 제공률 | B10: 선행지표 | C10: 100 | F10: =IF(E10="",D10,IF(E10=0,"",ROUND(D10/E10*100,1))) -> 0 | G10: =IF(OR(F10="",NOT(ISNUMBER(C10))),"",ROUND(F10-C10,1)) -> -100
A11: 예상 질문/Q&A 작성률 | B11: 선행지표 | C11: 100 | F11: =IF(E11="",D11,IF(E11=0,"",ROUND(D11/E11*100,1))) -> 0 | G11: =IF(OR(F11="",NOT(ISNUMBER(C11))),"",ROUND(F11-C11,1)) -> -100
A12: PT 결과 피드백 회수율 | B12: 선행지표 | C12: 100 | F12: =IF(E12="",D12,IF(E12=0,"",ROUND(D12/E12*100,1))) -> 0 | G12: =IF(OR(F12="",NOT(ISNUMBER(C12))),"",ROUND(F12-C12,1)) -> -100
A13: 패배 사유 분석 완료율 | B13: 선행지표 | C13: 100 | F13: =IF(E13="",D13,IF(E13=0,"",ROUND(D13/E13*100,1))) -> 0 | G13: =IF(OR(F13="",NOT(ISNUMBER(C13))),"",ROUND(F13-C13,1)) -> -100
A14: 계약 가능 건 후속관리율 | B14: 선행지표 | C14: 100 | F14: =IF(E14="",D14,IF(E14=0,"",ROUND(D14/E14*100,1))) -> 0 | G14: =IF(OR(F14="",NOT(ISNUMBER(C14))),"",ROUND(F14-C14,1)) -> -100
A15: 릴레잇 갱신률 | B15: 선행지표 | C15: 100 | F15: =IF(E15="",D15,IF(E15=0,"",ROUND(D15/E15*100,1))) -> 0 | G15: =IF(OR(F15="",NOT(ISNUMBER(C15))),"",ROUND(F15-C15,1)) -> -100
A17: B. 서비스운영1팀 내부 KPI (인재 양성 · 서비스 고도화 · 업무 표준화)
A18: KPI 지표 | B18: 구분 | C18: 목표 | D18: 분자(입력) | E18: 분모(입력) | F18: 실적(자동) | G18: 목표대비(자동) | H18: 비고(입력)
A19: [결과지표]
A20: 단독 처리 가능 업무 수 | B20: 결과지표 | C20: - | F20: =IF(E20="",D20,IF(E20=0,"",ROUND(D20/E20*100,1))) -> 0 | G20: =IF(OR(F20="",NOT(ISNUMBER(C20))),"",ROUND(F20-C20,1))
A21: 동일 오류 재발률 | B21: 결과지표 | C21: 0 | F21: =IF(E21="",D21,IF(E21=0,"",ROUND(D21/E21*100,1))) -> 0 | G21: =IF(OR(F21="",NOT(ISNUMBER(C21))),"",ROUND(F21-C21,1)) -> 0
A22: 재작업 발생률 | B22: 결과지표 | C22: 0 | F22: =IF(E22="",D22,IF(E22=0,"",ROUND(D22/E22*100,1))) -> 0 | G22: =IF(OR(F22="",NOT(ISNUMBER(C22))),"",ROUND(F22-C22,1)) -> 0
A23: [선행지표]
A24: 신규직원 30일 온보딩 완료율 | B24: 선행지표 | C24: 100 | F24: =IF(E24="",D24,IF(E24=0,"",ROUND(D24/E24*100,1))) -> 0 | G24: =IF(OR(F24="",NOT(ISNUMBER(C24))),"",ROUND(F24-C24,1)) -> -100
A25: 업무 매뉴얼 교육 이수율 | B25: 선행지표 | C25: 100 | F25: =IF(E25="",D25,IF(E25=0,"",ROUND(D25/E25*100,1))) -> 0 | G25: =IF(OR(F25="",NOT(ISNUMBER(C25))),"",ROUND(F25-C25,1)) -> -100
A26: 주간 피드백 진행률 | B26: 선행지표 | C26: 100 | F26: =IF(E26="",D26,IF(E26=0,"",ROUND(D26/E26*100,1))) -> 0 | G26: =IF(OR(F26="",NOT(ISNUMBER(C26))),"",ROUND(F26-C26,1)) -> -100
A27: 업무 막힘 이슈 기록률 | B27: 선행지표 | C27: 100 | F27: =IF(E27="",D27,IF(E27=0,"",ROUND(D27/E27*100,1))) -> 0 | G27: =IF(OR(F27="",NOT(ISNUMBER(C27))),"",ROUND(F27-C27,1)) -> -100
A28: 주요 업무 프로세스 정리율 | B28: 선행지표 | C28: 100 | F28: =IF(E28="",D28,IF(E28=0,"",ROUND(D28/E28*100,1))) -> 0 | G28: =IF(OR(F28="",NOT(ISNUMBER(C28))),"",ROUND(F28-C28,1)) -> -100
A29: 업무별 체크리스트 구축률 | B29: 선행지표 | C29: 100 | F29: =IF(E29="",D29,IF(E29=0,"",ROUND(D29/E29*100,1))) -> 0 | G29: =IF(OR(F29="",NOT(ISNUMBER(C29))),"",ROUND(F29-C29,1)) -> -100
A30: 미처리 요청 추적률 | B30: 선행지표 | C30: 100 | F30: =IF(E30="",D30,IF(E30=0,"",ROUND(D30/E30*100,1))) -> 0 | G30: =IF(OR(F30="",NOT(ISNUMBER(C30))),"",ROUND(F30-C30,1)) -> -100
A31: 업무 처리 데이터 입력률 | B31: 선행지표 | C31: 100 | F31: =IF(E31="",D31,IF(E31=0,"",ROUND(D31/E31*100,1))) -> 0 | G31: =IF(OR(F31="",NOT(ISNUMBER(C31))),"",ROUND(F31-C31,1)) -> -100

Sheet 영업회의발표
A1: 영업회의 발표 — 릴레잇 파이프라인 3단계 보드
A2: 릴레잇 흐름 기준: 영업·시공 → 계약·시공 → 수주 성공 | 각 단계 현장·담당·금액·다음 액션을 사전 입력 → 회의에서 이슈·결정만 확인
A4: ① 영업·시공 단계 | E4: ② 계약·시공 단계 | I4: ③ 수주 성공
A5: 진행 건수(자동) | C5: =COUNTA(A7:A16) -> 0 | E5: 진행 건수(자동) | G5: =COUNTA(E7:E16) -> 0 | I5: 진행 건수(자동) | K5: =COUNTA(I7:I16) -> 0
A6: 현장명 | B6: 담당 | C6: 금액 / 다음 액션 | E6: 현장명 | F6: 담당 | G6: 금액 / 다음 액션 | I6: 현장명 | J6: 담당 | K6: 금액 / 다음 액션

Sheet 액션아이템관리
A1: 액션아이템 관리
A2: 다음 회의는 지난 회의 액션 완료여부부터 확인 · 기한 초과 시 자동 「지연」 표시
A3: No | B3: 회의일자 | C3: 구분 | D3: 액션 내용 | E3: 담당자 | F3: 기한 | G3: 상태 | H3: 완료일 | I3: 진행상태(자동) | J3: 비고
A4: =IF(D4="","",ROW()-3) | I4: =IF(D4="","",IF(G4="완료","✅ 완료",IF(AND(ISNUMBER(F4),F4<TODAY()),"⚠ 지연(기한초과)",IF(G4="","미기록",G4))))
A5: =IF(D5="","",ROW()-3) | I5: =IF(D5="","",IF(G5="완료","✅ 완료",IF(AND(ISNUMBER(F5),F5<TODAY()),"⚠ 지연(기한초과)",IF(G5="","미기록",G5))))
A6: =IF(D6="","",ROW()-3) | I6: =IF(D6="","",IF(G6="완료","✅ 완료",IF(AND(ISNUMBER(F6),F6<TODAY()),"⚠ 지연(기한초과)",IF(G6="","미기록",G6))))
A7: =IF(D7="","",ROW()-3) | I7: =IF(D7="","",IF(G7="완료","✅ 완료",IF(AND(ISNUMBER(F7),F7<TODAY()),"⚠ 지연(기한초과)",IF(G7="","미기록",G7))))
A8: =IF(D8="","",ROW()-3) | I8: =IF(D8="","",IF(G8="완료","✅ 완료",IF(AND(ISNUMBER(F8),F8<TODAY()),"⚠ 지연(기한초과)",IF(G8="","미기록",G8))))
A9: =IF(D9="","",ROW()-3) | I9: =IF(D9="","",IF(G9="완료","✅ 완료",IF(AND(ISNUMBER(F9),F9<TODAY()),"⚠ 지연(기한초과)",IF(G9="","미기록",G9))))
A10: =IF(D10="","",ROW()-3) | I10: =IF(D10="","",IF(G10="완료","✅ 완료",IF(AND(ISNUMBER(F10),F10<TODAY()),"⚠ 지연(기한초과)",IF(G10="","미기록",G10))))
A11: =IF(D11="","",ROW()-3) | I11: =IF(D11="","",IF(G11="완료","✅ 완료",IF(AND(ISNUMBER(F11),F11<TODAY()),"⚠ 지연(기한초과)",IF(G11="","미기록",G11))))
A12: =IF(D12="","",ROW()-3) | I12: =IF(D12="","",IF(G12="완료","✅ 완료",IF(AND(ISNUMBER(F12),F12<TODAY()),"⚠ 지연(기한초과)",IF(G12="","미기록",G12))))
A13: =IF(D13="","",ROW()-3) | I13: =IF(D13="","",IF(G13="완료","✅ 완료",IF(AND(ISNUMBER(F13),F13<TODAY()),"⚠ 지연(기한초과)",IF(G13="","미기록",G13))))
A14: =IF(D14="","",ROW()-3) | I14: =IF(D14="","",IF(G14="완료","✅ 완료",IF(AND(ISNUMBER(F14),F14<TODAY()),"⚠ 지연(기한초과)",IF(G14="","미기록",G14))))
A15: =IF(D15="","",ROW()-3) | I15: =IF(D15="","",IF(G15="완료","✅ 완료",IF(AND(ISNUMBER(F15),F15<TODAY()),"⚠ 지연(기한초과)",IF(G15="","미기록",G15))))
... A23: =IF(D23="","",ROW()-3) | I23: =IF(D23="","",IF(G23="완료","✅ 완료",IF(AND(ISNUMBER(F23),F23<TODAY()),"⚠ 지연(기한초과)",IF(G23="","미기록",G23))))

Sheet 작성기준
A1: 작성 기준 · 운영 방식 · 산식 정의
A2: 회의록은 매출·릴레잇·KPI·영업회의 발표가 연결되는 운영 도구
A3: 운영 방식 (4단계 흐름)
A4: 회의 전 | B4: 담당자가 본인 영역(매출현황·릴레잇현황·KPI·발표카드)을 사전 작성
A5: 회의 중 | B5: 작성된 내용을 기준으로 핵심 이슈와 의사결정만 확인 (회의록_작성 ③)
A6: 회의 후 | B6: 액션아이템관리에 담당자·기한·완료여부 등록 후 추적
A7: 다음 회의 | B7: 지난 회의 액션 완료여부부터 확인 → 미완료는 이월
A9: 입력 / 자동 구분 (범례)
A10: 🟡 담당자 입력 | B10: 노란 칸 = 담당자가 직접 입력하는 칸
A11: 🔵 자동 계산 | B11: 파란 칸 = 수식 자동 계산 (수정 금지)
A13: 산식 정의
A14: PT 승률 | B14: 승리 건수 ÷ 전체 PT(승+패+무+지원) × 100
A15: 전분기 대비 증감률 | B15: 2분기 실적 ÷ 1분기 실적 × 100
A16: 목표 PT 승률 | B16: 70%
A17: KPI 실적 | B17: 분자 ÷ 분모 × 100 (분모 없으면 분자=건수 그대로)
A19: 릴레잇 관리 기준
A20: 미응답 건 | B20: 당일 확인
A21: 7일 이상 미진행 | B21: 담당자 확인 요청
A22: 15일 이상 미활동 | B22: 회의 안건으로 자동 분류 (관리상태 ⚠ 표시)
A23: 계약 가능성 높은 건 | B23: 별도 표시 후 후속 관리
A25: KPI 구분 원칙
A26: 결과지표 / 선행지표 | B26: 분리 작성. 결과가 나오기 전에 관리 가능한 선행지표 중심으로 운영
A27: A. 매출 KPI | B27: PT 승률(결과) + 사전분석·맞춤자료·기한제공·Q&A·피드백·패배분석·후속관리·릴레잇갱신(선행)
A28: B. 내부 KPI | B28: 인재 양성·서비스 고도화·업무 표준화 — 결과(재발률·재작업·단독처리) / 선행(온보딩·교육·피드백·기록·정리·체크리스트·추적·입력)
A30: 작성 대상 / 측정 대상
A31: 작성 대상자 | B31: 황윤선, 이필선, 한준엽
A32: 1Q vs 2Q 측정 대상 | B32: 황윤선, 이필선, 한준엽, 경남지사 조민준
A34: 시트 흐름
A35: 연결 구조 | B35: 매출현황·릴레잇현황·KPI_통합 (사전작성) → 영업회의발표 (자동 요약) → 회의록_작성 ②③ (회의 중) → 액션아이템관리 (회의 후)
